truncate table Review,Movie,Genre,Movie_Genre,Movie_Details,Award;

INSERT INTO public.movie (id,certification,description,"name",director,image) VALUES
	 (-9983,2,'L''histoire de Derek qui, voulant venger la mort de son père, entraine son jeune frère, Danny, dans la spirale de la haine','American History X','Tony Kaye','american-history-x.jpg'),
	 (-9960,3,'''You met me at a very strange time in my life''','Fight Club','David Fincher','fight-club.jpg'),
	 (-9946,1,'La fabuleuse histoire de la vie de Forrest Gump et les événements qu''il traverse dans l''Amérique de la seconde moitié du 20e siècle','Forrest Gump','Robert Zemeckis','forrest-gump.jpg'),
	 (-9934,1,'Dom Cobb arrive à s''approprier les secrets les plus précieux d''un individu, enfouis au plus profond de son subconscient, pendant qu''il rêve et que son esprit est particulièrement vulnérable','Inception','Christopher Nolan','inception.jpg'),
	 (-9926,2,'Arthur Fleck bascule peu à peu dans la folie pour devenir le Joker, un dangereux tueur psychotique.','Joker','Todd Phillips','joker.jpg'),
	 (-9906,1,'L''histoire d''amour entre Sebastian Wilder, pianiste passionné de jazz et Mia Dolan, actrice en devenir','La La Land','Damien Chazelle','lalaland.jpg'),
	 (-9898,2,'Une adaptation cinématographique du roman-feuilleton du même nom de Stephen King','La ligne verte','Frank Darabont','la-ligne-verte.jpg'),
	 (-9892,2,'Un tueur à gages répondant au nom de Léon prend sous son aile Mathilda, une petite fille de 12 ans, seule rescapée du massacre de sa famille','Léon','Luc Besson','leon.jpg'),
	 (-9884,1,'Deux magiciens du 19e siècle s''engagent dans une lutte sans merci pour se surpasser l''un l''autre','Le prestige','Christopher Nolan','le-prestige.jpg'),
	 (-9873,1,'Leonard n''a qu''une idée en tête : traquer l''homme qui a violé et assassiné sa femme afin de se venger','Memento','Christopher Nolan','memento.jpg');
INSERT INTO public.movie (id,certification,description,"name",director,image) VALUES
	 (-9867,1,'''Guess you guys aren''t ready for that yet... but your kids are gonna love it''','Retour vers le futur','Robert Zemeckis','retour-vers-le-futur.jpg'),
	 (-9847,1,'il ne s''agit pas d''un voyage dans le temps, mais d''un renversement temporel','Tenet','Christopher Nolan','tenet.jpg'),
	 (-9829,1,'Le coup le plus rusé que le diable ait réussi, c''est de convaincre tout le monde qu''il n''existe pas','Usual suspects','Bryan Singer','usual-suspects.jpg'),
	 (-9805,1,'Ambitieux et perfectionniste, Andrew, 19 ans, rêve de devenir le meilleur batteur de jazz de sa génération','Whiplash','Damien Chazelle','whiplash.jpg'),
	 (-9779,1,'Mitsuha, adolescente coincée dans une famille traditionnelle, rêve de quitter ses montagnes natales pour découvrir la vie trépidante de Tokyo','Your name','Makoto Shinkai','your-name.jpg'),
	 (-9754,1,'Batman contre Bane','The Dark Knight rises','Christopher Nolan','dark-knight-rises.jpg'),
	 (-9730,1,'Batman est plus que jamais déterminé à éradiquer le crime organisé qui sème la terreur en ville','The Dark Knight','Christopher Nolan','the-dark-knight.jpg'),
	 (-9722,1,'L''histoire du général romain Maximus, arrêté, condamné à mort et devenu gladiateur','Gladiator','Ridley Scott','gladiator.jpg'),
	 (-9699,2,'le lieutenant Aldo Raine forme un groupe de soldats juifs américains pour mener des actions punitives particulièrement sanglantes contre les nazis','Inglourious Basterds','Quentin Tarantino','inglourious-basterds.jpg'),
	 (-9679,1,'Les aventures d''un groupe d''explorateurs qui utilise une faille récemment découverte dans l''espace-temps','Interstellar','Christopher Nolan','interstellar.jpg');
INSERT INTO public.movie (id,certification,description,"name",director,image) VALUES
	 (-9669,2,'L''incroyable histoire de Jordan Belfort','Le loup de wall street','Martin Scorsese','le-loup-de-wall-street.jpg'),
	 (-9653,1,'La vie exceptionnelle de Freddy Mercury','Bohemian rhapsody','Bryan Singer','bohemian-rhapsody.jpg'),
	 (-9645,1,'La célébre course du Mans de 1966 et la rivalité entre Ford et Ferrari','Le Mans ''66','James Mangold','le-mans-66.jpg'),
	 (-9619,1,'Le destin extraordinaire, au début des années 60, des trois scientifiques afro-américaines qui ont permis aux États-Unis de prendre la tête de la conquête spatiale','Les figures de l''ombre','Theodore Melfi','les-figures-ombre.jpg'),
	 (-9601,1,'L''histoire de Tony Lip, un videur italo-américain du Bronx, et de Dr Don Shirley, un pianiste noir de renommée mondiale','The Green Book','Peter Farrelly','the-green-book.jpg'),
	 (-9584,1,'L''incroyable histoire de Peter Brand et des A''s d''Oakland','Le stratege','Bennett Miller','le-stratege.jpg'),
	 (-9576,1,'Le jeu du chat et de la souris entre un faux pilote de ligne et un agent du FBI','Arrête-moi si tu peux','Steven Spielberg','arrete-moi-si-tu-peux.jpg'),
	 (-9571,1,'John Forbes Nash Jr., un brilliant professeur se voit proposer d''aider secrétement le département de la Défense des États-Unis','Un homme d''exception','Ron Howard','un-homme-exception.jpg'),
	 (-9560,1,'L''histoire d''Alan Turing, mathématicien de génie, chargé de briser Enigma','Imitation Game','Morten Tyldum','imitation-game.jpg'),
	 (-9553,1,'Jake Sully, un ancien marine immobilisé dans un fauteuil roulant, est recruté pour se rendre à des années-lumière de la Terre, sur Pandora','Avatar','James Cameron','avatar.jpg');
INSERT INTO public.award (id,"name","year",movie_id) VALUES
	 (-9982,'Best Actor in a Leading Role',1998,-9983),
	 (-9981,'Best Actor',1999,-9983),
	 (-9980,'Best Actor in a Motion Picture, Drama',1999,-9983),
	 (-9959,'Best Director',1999,-9960),
	 (-9958,'Best British Actress',1999,-9960),
	 (-9957,'Best International Actor',1999,-9960),
	 (-9956,'Best Film Editing',2000,-9960),
	 (-9945,'Best Picture',1995,-9946),
	 (-9944,'Best Director',1995,-9946),
	 (-9943,'Best Picture',1995,-9946);
INSERT INTO public.award (id,"name","year",movie_id) VALUES
	 (-9942,'Best Film Editing',1995,-9946),
	 (-9933,'Best Special Visual Effects',2011,-9934),
	 (-9932,'Best Sound',2011,-9934),
	 (-9931,'Best Production Design',2011,-9934),
	 (-9930,'Best Film Editing',2011,-9934),
	 (-9925,'Best Leading Actor',2020,-9926),
	 (-9924,'Original Music',2020,-9926),
	 (-9923,'Best Casting',2020,-9926),
	 (-9922,'Best Original Score - Motion Picture',2020,-9926),
	 (-9905,'Best Film',2017,-9906);
INSERT INTO public.award (id,"name","year",movie_id) VALUES
	 (-9904,'Original Music',2017,-9906),
	 (-9903,'Best Cinematography',2017,-9906),
	 (-9902,'Best Cinematography',2017,-9906),
	 (-9897,'Best Picture',2000,-9898),
	 (-9896,'Best Sound',2000,-9898),
	 (-9891,'Best Actress in a Leading Role',1994,-9892),
	 (-9883,'Best Director',2007,-9884),
	 (-9872,'Screenwriter of the Year',2002,-9873),
	 (-9871,'Best Film Editing of the Decade',2012,-9873),
	 (-9866,'Best Effects, Sound Effects Editing',1986,-9867);
INSERT INTO public.award (id,"name","year",movie_id) VALUES
	 (-9865,'Best Science Fiction Film',1986,-9867),
	 (-9864,'Best Actor',1986,-9867),
	 (-9863,'Best Special Effects',1986,-9867),
	 (-9846,'Best Cinematography',2021,-9847),
	 (-9845,'Best Visual Effects',2021,-9847),
	 (-9828,'Best Editing',1996,-9829),
	 (-9827,'Best Screenplay - Original',2021,-9829),
	 (-9826,'Best Film',2021,-9829),
	 (-9825,'Best Actor in a Supporting Role',2021,-9829),
	 (-9804,'Best Supporting Actor',2015,-9805);
INSERT INTO public.award (id,"name","year",movie_id) VALUES
	 (-9803,'Best Editing',2015,-9805),
	 (-9802,'Best Sound',2015,-9805),
	 (-9778,'Best Original Score',2017,-9779),
	 (-9777,'Best Music Score',2017,-9779),
	 (-9776,'Most Popular Film',2017,-9779),
	 (-9753,'Best Supporting Actress',2013,-9754),
	 (-9752,'Movie of the Year',2013,-9754),
	 (-9729,'Best Supporting Actor',2009,-9730),
	 (-9728,'Best Achievement in Sound Editing',2009,-9730),
	 (-9721,'Best Picture',2001,-9722);
INSERT INTO public.award (id,"name","year",movie_id) VALUES
	 (-9720,'Best Actor in a Leading Role',2001,-9722),
	 (-9719,'Best Sound',2001,-9722),
	 (-9718,'Best Effects, Visual Effects',2001,-9722),
	 (-9698,'Best Performance by an Actor in a Supporting Role',2009,-9699),
	 (-9678,'Best Achievement in Visual Effects',2015,-9679),
	 (-9668,'Movie of the Year',2014,-9669),
	 (-9652,'Best Leading Actor',2019,-9653),
	 (-9651,'Best Sound',2019,-9653),
	 (-9650,'Best Lead Actor',2019,-9653),
	 (-9649,'Best Film',2019,-9653);
INSERT INTO public.award (id,"name","year",movie_id) VALUES
	 (-9644,'Best Editing',2020,-9645),
	 (-9643,'Best Achievement in Film Editing',2020,-9645),
	 (-9642,'Best Achievement in Sound Editing',2020,-9645),
	 (-9618,'Best Motion Picture of the Year',2017,-9619),
	 (-9600,'Best Supporting Actor',2019,-9601),
	 (-9599,'Best Motion Picture of the Year',2019,-9601),
	 (-9583,'Movie of the Year',2012,-9584),
	 (-9575,'Best Movie Time Capsule',2003,-9576),
	 (-9570,'Best Picture',2002,-9571),
	 (-9569,'Best Actress in a Supporting Role',2002,-9571);
INSERT INTO public.award (id,"name","year",movie_id) VALUES
	 (-9568,'Best Director',2002,-9571),
	 (-9567,'Best Screenplay - Motion Picture',2002,-9571),
	 (-9559,'Movie of the Year',2015,-9560),
	 (-9558,'Best Writing, Adapted Screenplay',2015,-9560),
	 (-9552,'Best Production Design',2010,-9553),
	 (-9551,'Best Special Visual Effects',2010,-9553);
INSERT INTO public.genre (id,"name") VALUES
	 (-9999,'Action'),
	 (-9998,'War'),
	 (-9997,'Romance'),
	 (-9996,'History'),
	 (-9995,'Sci-Fi'),
	 (-9994,'Crime'),
	 (-9993,'Drama'),
	 (-9992,'Sport'),
	 (-9991,'Music'),
	 (-9990,'Biography');
INSERT INTO public.genre (id,"name") VALUES
	 (-9989,'Thriller'),
	 (-9988,'Comedy'),
	 (-9987,'Fantasy'),
	 (-9986,'Mystery'),
	 (-9985,'Adventure'),
	 (-9984,'Animation');
INSERT INTO public.movie_details (plot,movie_id) VALUES
	 ('Agmina praetermitto properantes subversasque complures transiturus quos terga et inlecebras silices ut globos complures trahentes subversasque agmina silices terga longius quod ne et ne terga ampla per longius agmina per relicto ampla quidem equos globos velut quod relicto ne tamquam ut post voluptatum praetermitto periculi terga sine enim ait domi ne enim enim comicus illuc spatia subversasque enim complures praetermitto ut per ampla comicus periculi properantes voluptatum velut terga velut periculi publicos quidem tamquam quod et urbis quidem periculi calceis voluptatum discurrunt sine agmina terga per subversasque per ut terga cuncta Sannione periculi ne ut relicto trahentes quidem praedatorios discurrunt. Inplacabilem eius medium peiores consarcinantibus auribus nimia titulo causarum postea et Constantium hoc sui Constantium titulo sed sui acerbum insidias Constantium inplacabilem cautela infudisset infudisset in principem causarum nimia hoc graves in medium consarcinantibus sed et quivis dissimilem consarcinantibus cautela quivis modi sui sui aemulis apud quivis insidias medium inplacabilem.',-9983),
	 ('Agmina praetermitto properantes subversasque complures transiturus quos terga et inlecebras silices ut globos complures trahentes subversasque agmina silices terga longius quod ne et ne terga ampla per longius agmina per relicto ampla quidem equos globos velut quod relicto ne tamquam ut post voluptatum praetermitto periculi terga sine enim ait domi ne enim enim comicus illuc spatia subversasque enim complures praetermitto ut per ampla comicus periculi properantes voluptatum velut terga velut periculi publicos quidem tamquam quod et urbis quidem periculi calceis voluptatum discurrunt sine agmina terga per subversasque per ut terga cuncta Sannione periculi ne ut relicto trahentes quidem praedatorios discurrunt. Inplacabilem eius medium peiores consarcinantibus auribus nimia titulo causarum postea et Constantium hoc sui Constantium titulo sed sui acerbum insidias Constantium inplacabilem cautela infudisset infudisset in principem causarum nimia hoc graves in medium consarcinantibus sed et quivis dissimilem consarcinantibus cautela quivis modi sui sui aemulis apud quivis insidias medium inplacabilem.',-9960),
	 ('Agmina praetermitto properantes subversasque complures transiturus quos terga et inlecebras silices ut globos complures trahentes subversasque agmina silices terga longius quod ne et ne terga ampla per longius agmina per relicto ampla quidem equos globos velut quod relicto ne tamquam ut post voluptatum praetermitto periculi terga sine enim ait domi ne enim enim comicus illuc spatia subversasque enim complures praetermitto ut per ampla comicus periculi properantes voluptatum velut terga velut periculi publicos quidem tamquam quod et urbis quidem periculi calceis voluptatum discurrunt sine agmina terga per subversasque per ut terga cuncta Sannione periculi ne ut relicto trahentes quidem praedatorios discurrunt. Inplacabilem eius medium peiores consarcinantibus auribus nimia titulo causarum postea et Constantium hoc sui Constantium titulo sed sui acerbum insidias Constantium inplacabilem cautela infudisset infudisset in principem causarum nimia hoc graves in medium consarcinantibus sed et quivis dissimilem consarcinantibus cautela quivis modi sui sui aemulis apud quivis insidias medium inplacabilem.',-9946),
	 ('Agmina praetermitto properantes subversasque complures transiturus quos terga et inlecebras silices ut globos complures trahentes subversasque agmina silices terga longius quod ne et ne terga ampla per longius agmina per relicto ampla quidem equos globos velut quod relicto ne tamquam ut post voluptatum praetermitto periculi terga sine enim ait domi ne enim enim comicus illuc spatia subversasque enim complures praetermitto ut per ampla comicus periculi properantes voluptatum velut terga velut periculi publicos quidem tamquam quod et urbis quidem periculi calceis voluptatum discurrunt sine agmina terga per subversasque per ut terga cuncta Sannione periculi ne ut relicto trahentes quidem praedatorios discurrunt. Inplacabilem eius medium peiores consarcinantibus auribus nimia titulo causarum postea et Constantium hoc sui Constantium titulo sed sui acerbum insidias Constantium inplacabilem cautela infudisset infudisset in principem causarum nimia hoc graves in medium consarcinantibus sed et quivis dissimilem consarcinantibus cautela quivis modi sui sui aemulis apud quivis insidias medium inplacabilem.',-9934),
	 ('Agmina praetermitto properantes subversasque complures transiturus quos terga et inlecebras silices ut globos complures trahentes subversasque agmina silices terga longius quod ne et ne terga ampla per longius agmina per relicto ampla quidem equos globos velut quod relicto ne tamquam ut post voluptatum praetermitto periculi terga sine enim ait domi ne enim enim comicus illuc spatia subversasque enim complures praetermitto ut per ampla comicus periculi properantes voluptatum velut terga velut periculi publicos quidem tamquam quod et urbis quidem periculi calceis voluptatum discurrunt sine agmina terga per subversasque per ut terga cuncta Sannione periculi ne ut relicto trahentes quidem praedatorios discurrunt. Inplacabilem eius medium peiores consarcinantibus auribus nimia titulo causarum postea et Constantium hoc sui Constantium titulo sed sui acerbum insidias Constantium inplacabilem cautela infudisset infudisset in principem causarum nimia hoc graves in medium consarcinantibus sed et quivis dissimilem consarcinantibus cautela quivis modi sui sui aemulis apud quivis insidias medium inplacabilem.',-9926),
	 ('Agmina praetermitto properantes subversasque complures transiturus quos terga et inlecebras silices ut globos complures trahentes subversasque agmina silices terga longius quod ne et ne terga ampla per longius agmina per relicto ampla quidem equos globos velut quod relicto ne tamquam ut post voluptatum praetermitto periculi terga sine enim ait domi ne enim enim comicus illuc spatia subversasque enim complures praetermitto ut per ampla comicus periculi properantes voluptatum velut terga velut periculi publicos quidem tamquam quod et urbis quidem periculi calceis voluptatum discurrunt sine agmina terga per subversasque per ut terga cuncta Sannione periculi ne ut relicto trahentes quidem praedatorios discurrunt. Inplacabilem eius medium peiores consarcinantibus auribus nimia titulo causarum postea et Constantium hoc sui Constantium titulo sed sui acerbum insidias Constantium inplacabilem cautela infudisset infudisset in principem causarum nimia hoc graves in medium consarcinantibus sed et quivis dissimilem consarcinantibus cautela quivis modi sui sui aemulis apud quivis insidias medium inplacabilem.',-9906),
	 ('Agmina praetermitto properantes subversasque complures transiturus quos terga et inlecebras silices ut globos complures trahentes subversasque agmina silices terga longius quod ne et ne terga ampla per longius agmina per relicto ampla quidem equos globos velut quod relicto ne tamquam ut post voluptatum praetermitto periculi terga sine enim ait domi ne enim enim comicus illuc spatia subversasque enim complures praetermitto ut per ampla comicus periculi properantes voluptatum velut terga velut periculi publicos quidem tamquam quod et urbis quidem periculi calceis voluptatum discurrunt sine agmina terga per subversasque per ut terga cuncta Sannione periculi ne ut relicto trahentes quidem praedatorios discurrunt. Inplacabilem eius medium peiores consarcinantibus auribus nimia titulo causarum postea et Constantium hoc sui Constantium titulo sed sui acerbum insidias Constantium inplacabilem cautela infudisset infudisset in principem causarum nimia hoc graves in medium consarcinantibus sed et quivis dissimilem consarcinantibus cautela quivis modi sui sui aemulis apud quivis insidias medium inplacabilem.',-9898),
	 ('Agmina praetermitto properantes subversasque complures transiturus quos terga et inlecebras silices ut globos complures trahentes subversasque agmina silices terga longius quod ne et ne terga ampla per longius agmina per relicto ampla quidem equos globos velut quod relicto ne tamquam ut post voluptatum praetermitto periculi terga sine enim ait domi ne enim enim comicus illuc spatia subversasque enim complures praetermitto ut per ampla comicus periculi properantes voluptatum velut terga velut periculi publicos quidem tamquam quod et urbis quidem periculi calceis voluptatum discurrunt sine agmina terga per subversasque per ut terga cuncta Sannione periculi ne ut relicto trahentes quidem praedatorios discurrunt. Inplacabilem eius medium peiores consarcinantibus auribus nimia titulo causarum postea et Constantium hoc sui Constantium titulo sed sui acerbum insidias Constantium inplacabilem cautela infudisset infudisset in principem causarum nimia hoc graves in medium consarcinantibus sed et quivis dissimilem consarcinantibus cautela quivis modi sui sui aemulis apud quivis insidias medium inplacabilem.',-9892),
	 ('Agmina praetermitto properantes subversasque complures transiturus quos terga et inlecebras silices ut globos complures trahentes subversasque agmina silices terga longius quod ne et ne terga ampla per longius agmina per relicto ampla quidem equos globos velut quod relicto ne tamquam ut post voluptatum praetermitto periculi terga sine enim ait domi ne enim enim comicus illuc spatia subversasque enim complures praetermitto ut per ampla comicus periculi properantes voluptatum velut terga velut periculi publicos quidem tamquam quod et urbis quidem periculi calceis voluptatum discurrunt sine agmina terga per subversasque per ut terga cuncta Sannione periculi ne ut relicto trahentes quidem praedatorios discurrunt. Inplacabilem eius medium peiores consarcinantibus auribus nimia titulo causarum postea et Constantium hoc sui Constantium titulo sed sui acerbum insidias Constantium inplacabilem cautela infudisset infudisset in principem causarum nimia hoc graves in medium consarcinantibus sed et quivis dissimilem consarcinantibus cautela quivis modi sui sui aemulis apud quivis insidias medium inplacabilem.',-9884),
	 ('Agmina praetermitto properantes subversasque complures transiturus quos terga et inlecebras silices ut globos complures trahentes subversasque agmina silices terga longius quod ne et ne terga ampla per longius agmina per relicto ampla quidem equos globos velut quod relicto ne tamquam ut post voluptatum praetermitto periculi terga sine enim ait domi ne enim enim comicus illuc spatia subversasque enim complures praetermitto ut per ampla comicus periculi properantes voluptatum velut terga velut periculi publicos quidem tamquam quod et urbis quidem periculi calceis voluptatum discurrunt sine agmina terga per subversasque per ut terga cuncta Sannione periculi ne ut relicto trahentes quidem praedatorios discurrunt. Inplacabilem eius medium peiores consarcinantibus auribus nimia titulo causarum postea et Constantium hoc sui Constantium titulo sed sui acerbum insidias Constantium inplacabilem cautela infudisset infudisset in principem causarum nimia hoc graves in medium consarcinantibus sed et quivis dissimilem consarcinantibus cautela quivis modi sui sui aemulis apud quivis insidias medium inplacabilem.',-9873);
INSERT INTO public.movie_details (plot,movie_id) VALUES
	 ('Agmina praetermitto properantes subversasque complures transiturus quos terga et inlecebras silices ut globos complures trahentes subversasque agmina silices terga longius quod ne et ne terga ampla per longius agmina per relicto ampla quidem equos globos velut quod relicto ne tamquam ut post voluptatum praetermitto periculi terga sine enim ait domi ne enim enim comicus illuc spatia subversasque enim complures praetermitto ut per ampla comicus periculi properantes voluptatum velut terga velut periculi publicos quidem tamquam quod et urbis quidem periculi calceis voluptatum discurrunt sine agmina terga per subversasque per ut terga cuncta Sannione periculi ne ut relicto trahentes quidem praedatorios discurrunt. Inplacabilem eius medium peiores consarcinantibus auribus nimia titulo causarum postea et Constantium hoc sui Constantium titulo sed sui acerbum insidias Constantium inplacabilem cautela infudisset infudisset in principem causarum nimia hoc graves in medium consarcinantibus sed et quivis dissimilem consarcinantibus cautela quivis modi sui sui aemulis apud quivis insidias medium inplacabilem.',-9867),
	 ('Agmina praetermitto properantes subversasque complures transiturus quos terga et inlecebras silices ut globos complures trahentes subversasque agmina silices terga longius quod ne et ne terga ampla per longius agmina per relicto ampla quidem equos globos velut quod relicto ne tamquam ut post voluptatum praetermitto periculi terga sine enim ait domi ne enim enim comicus illuc spatia subversasque enim complures praetermitto ut per ampla comicus periculi properantes voluptatum velut terga velut periculi publicos quidem tamquam quod et urbis quidem periculi calceis voluptatum discurrunt sine agmina terga per subversasque per ut terga cuncta Sannione periculi ne ut relicto trahentes quidem praedatorios discurrunt. Inplacabilem eius medium peiores consarcinantibus auribus nimia titulo causarum postea et Constantium hoc sui Constantium titulo sed sui acerbum insidias Constantium inplacabilem cautela infudisset infudisset in principem causarum nimia hoc graves in medium consarcinantibus sed et quivis dissimilem consarcinantibus cautela quivis modi sui sui aemulis apud quivis insidias medium inplacabilem.',-9847),
	 ('Agmina praetermitto properantes subversasque complures transiturus quos terga et inlecebras silices ut globos complures trahentes subversasque agmina silices terga longius quod ne et ne terga ampla per longius agmina per relicto ampla quidem equos globos velut quod relicto ne tamquam ut post voluptatum praetermitto periculi terga sine enim ait domi ne enim enim comicus illuc spatia subversasque enim complures praetermitto ut per ampla comicus periculi properantes voluptatum velut terga velut periculi publicos quidem tamquam quod et urbis quidem periculi calceis voluptatum discurrunt sine agmina terga per subversasque per ut terga cuncta Sannione periculi ne ut relicto trahentes quidem praedatorios discurrunt. Inplacabilem eius medium peiores consarcinantibus auribus nimia titulo causarum postea et Constantium hoc sui Constantium titulo sed sui acerbum insidias Constantium inplacabilem cautela infudisset infudisset in principem causarum nimia hoc graves in medium consarcinantibus sed et quivis dissimilem consarcinantibus cautela quivis modi sui sui aemulis apud quivis insidias medium inplacabilem.',-9829),
	 ('Agmina praetermitto properantes subversasque complures transiturus quos terga et inlecebras silices ut globos complures trahentes subversasque agmina silices terga longius quod ne et ne terga ampla per longius agmina per relicto ampla quidem equos globos velut quod relicto ne tamquam ut post voluptatum praetermitto periculi terga sine enim ait domi ne enim enim comicus illuc spatia subversasque enim complures praetermitto ut per ampla comicus periculi properantes voluptatum velut terga velut periculi publicos quidem tamquam quod et urbis quidem periculi calceis voluptatum discurrunt sine agmina terga per subversasque per ut terga cuncta Sannione periculi ne ut relicto trahentes quidem praedatorios discurrunt. Inplacabilem eius medium peiores consarcinantibus auribus nimia titulo causarum postea et Constantium hoc sui Constantium titulo sed sui acerbum insidias Constantium inplacabilem cautela infudisset infudisset in principem causarum nimia hoc graves in medium consarcinantibus sed et quivis dissimilem consarcinantibus cautela quivis modi sui sui aemulis apud quivis insidias medium inplacabilem.',-9805),
	 ('Agmina praetermitto properantes subversasque complures transiturus quos terga et inlecebras silices ut globos complures trahentes subversasque agmina silices terga longius quod ne et ne terga ampla per longius agmina per relicto ampla quidem equos globos velut quod relicto ne tamquam ut post voluptatum praetermitto periculi terga sine enim ait domi ne enim enim comicus illuc spatia subversasque enim complures praetermitto ut per ampla comicus periculi properantes voluptatum velut terga velut periculi publicos quidem tamquam quod et urbis quidem periculi calceis voluptatum discurrunt sine agmina terga per subversasque per ut terga cuncta Sannione periculi ne ut relicto trahentes quidem praedatorios discurrunt. Inplacabilem eius medium peiores consarcinantibus auribus nimia titulo causarum postea et Constantium hoc sui Constantium titulo sed sui acerbum insidias Constantium inplacabilem cautela infudisset infudisset in principem causarum nimia hoc graves in medium consarcinantibus sed et quivis dissimilem consarcinantibus cautela quivis modi sui sui aemulis apud quivis insidias medium inplacabilem.',-9779),
	 ('Agmina praetermitto properantes subversasque complures transiturus quos terga et inlecebras silices ut globos complures trahentes subversasque agmina silices terga longius quod ne et ne terga ampla per longius agmina per relicto ampla quidem equos globos velut quod relicto ne tamquam ut post voluptatum praetermitto periculi terga sine enim ait domi ne enim enim comicus illuc spatia subversasque enim complures praetermitto ut per ampla comicus periculi properantes voluptatum velut terga velut periculi publicos quidem tamquam quod et urbis quidem periculi calceis voluptatum discurrunt sine agmina terga per subversasque per ut terga cuncta Sannione periculi ne ut relicto trahentes quidem praedatorios discurrunt. Inplacabilem eius medium peiores consarcinantibus auribus nimia titulo causarum postea et Constantium hoc sui Constantium titulo sed sui acerbum insidias Constantium inplacabilem cautela infudisset infudisset in principem causarum nimia hoc graves in medium consarcinantibus sed et quivis dissimilem consarcinantibus cautela quivis modi sui sui aemulis apud quivis insidias medium inplacabilem.',-9754),
	 ('Agmina praetermitto properantes subversasque complures transiturus quos terga et inlecebras silices ut globos complures trahentes subversasque agmina silices terga longius quod ne et ne terga ampla per longius agmina per relicto ampla quidem equos globos velut quod relicto ne tamquam ut post voluptatum praetermitto periculi terga sine enim ait domi ne enim enim comicus illuc spatia subversasque enim complures praetermitto ut per ampla comicus periculi properantes voluptatum velut terga velut periculi publicos quidem tamquam quod et urbis quidem periculi calceis voluptatum discurrunt sine agmina terga per subversasque per ut terga cuncta Sannione periculi ne ut relicto trahentes quidem praedatorios discurrunt. Inplacabilem eius medium peiores consarcinantibus auribus nimia titulo causarum postea et Constantium hoc sui Constantium titulo sed sui acerbum insidias Constantium inplacabilem cautela infudisset infudisset in principem causarum nimia hoc graves in medium consarcinantibus sed et quivis dissimilem consarcinantibus cautela quivis modi sui sui aemulis apud quivis insidias medium inplacabilem.',-9730),
	 ('Agmina praetermitto properantes subversasque complures transiturus quos terga et inlecebras silices ut globos complures trahentes subversasque agmina silices terga longius quod ne et ne terga ampla per longius agmina per relicto ampla quidem equos globos velut quod relicto ne tamquam ut post voluptatum praetermitto periculi terga sine enim ait domi ne enim enim comicus illuc spatia subversasque enim complures praetermitto ut per ampla comicus periculi properantes voluptatum velut terga velut periculi publicos quidem tamquam quod et urbis quidem periculi calceis voluptatum discurrunt sine agmina terga per subversasque per ut terga cuncta Sannione periculi ne ut relicto trahentes quidem praedatorios discurrunt. Inplacabilem eius medium peiores consarcinantibus auribus nimia titulo causarum postea et Constantium hoc sui Constantium titulo sed sui acerbum insidias Constantium inplacabilem cautela infudisset infudisset in principem causarum nimia hoc graves in medium consarcinantibus sed et quivis dissimilem consarcinantibus cautela quivis modi sui sui aemulis apud quivis insidias medium inplacabilem.',-9722),
	 ('Agmina praetermitto properantes subversasque complures transiturus quos terga et inlecebras silices ut globos complures trahentes subversasque agmina silices terga longius quod ne et ne terga ampla per longius agmina per relicto ampla quidem equos globos velut quod relicto ne tamquam ut post voluptatum praetermitto periculi terga sine enim ait domi ne enim enim comicus illuc spatia subversasque enim complures praetermitto ut per ampla comicus periculi properantes voluptatum velut terga velut periculi publicos quidem tamquam quod et urbis quidem periculi calceis voluptatum discurrunt sine agmina terga per subversasque per ut terga cuncta Sannione periculi ne ut relicto trahentes quidem praedatorios discurrunt. Inplacabilem eius medium peiores consarcinantibus auribus nimia titulo causarum postea et Constantium hoc sui Constantium titulo sed sui acerbum insidias Constantium inplacabilem cautela infudisset infudisset in principem causarum nimia hoc graves in medium consarcinantibus sed et quivis dissimilem consarcinantibus cautela quivis modi sui sui aemulis apud quivis insidias medium inplacabilem.',-9699),
	 ('Agmina praetermitto properantes subversasque complures transiturus quos terga et inlecebras silices ut globos complures trahentes subversasque agmina silices terga longius quod ne et ne terga ampla per longius agmina per relicto ampla quidem equos globos velut quod relicto ne tamquam ut post voluptatum praetermitto periculi terga sine enim ait domi ne enim enim comicus illuc spatia subversasque enim complures praetermitto ut per ampla comicus periculi properantes voluptatum velut terga velut periculi publicos quidem tamquam quod et urbis quidem periculi calceis voluptatum discurrunt sine agmina terga per subversasque per ut terga cuncta Sannione periculi ne ut relicto trahentes quidem praedatorios discurrunt. Inplacabilem eius medium peiores consarcinantibus auribus nimia titulo causarum postea et Constantium hoc sui Constantium titulo sed sui acerbum insidias Constantium inplacabilem cautela infudisset infudisset in principem causarum nimia hoc graves in medium consarcinantibus sed et quivis dissimilem consarcinantibus cautela quivis modi sui sui aemulis apud quivis insidias medium inplacabilem.',-9679);
INSERT INTO public.movie_details (plot,movie_id) VALUES
	 ('Agmina praetermitto properantes subversasque complures transiturus quos terga et inlecebras silices ut globos complures trahentes subversasque agmina silices terga longius quod ne et ne terga ampla per longius agmina per relicto ampla quidem equos globos velut quod relicto ne tamquam ut post voluptatum praetermitto periculi terga sine enim ait domi ne enim enim comicus illuc spatia subversasque enim complures praetermitto ut per ampla comicus periculi properantes voluptatum velut terga velut periculi publicos quidem tamquam quod et urbis quidem periculi calceis voluptatum discurrunt sine agmina terga per subversasque per ut terga cuncta Sannione periculi ne ut relicto trahentes quidem praedatorios discurrunt. Inplacabilem eius medium peiores consarcinantibus auribus nimia titulo causarum postea et Constantium hoc sui Constantium titulo sed sui acerbum insidias Constantium inplacabilem cautela infudisset infudisset in principem causarum nimia hoc graves in medium consarcinantibus sed et quivis dissimilem consarcinantibus cautela quivis modi sui sui aemulis apud quivis insidias medium inplacabilem.',-9669),
	 ('Agmina praetermitto properantes subversasque complures transiturus quos terga et inlecebras silices ut globos complures trahentes subversasque agmina silices terga longius quod ne et ne terga ampla per longius agmina per relicto ampla quidem equos globos velut quod relicto ne tamquam ut post voluptatum praetermitto periculi terga sine enim ait domi ne enim enim comicus illuc spatia subversasque enim complures praetermitto ut per ampla comicus periculi properantes voluptatum velut terga velut periculi publicos quidem tamquam quod et urbis quidem periculi calceis voluptatum discurrunt sine agmina terga per subversasque per ut terga cuncta Sannione periculi ne ut relicto trahentes quidem praedatorios discurrunt. Inplacabilem eius medium peiores consarcinantibus auribus nimia titulo causarum postea et Constantium hoc sui Constantium titulo sed sui acerbum insidias Constantium inplacabilem cautela infudisset infudisset in principem causarum nimia hoc graves in medium consarcinantibus sed et quivis dissimilem consarcinantibus cautela quivis modi sui sui aemulis apud quivis insidias medium inplacabilem.',-9653),
	 ('Agmina praetermitto properantes subversasque complures transiturus quos terga et inlecebras silices ut globos complures trahentes subversasque agmina silices terga longius quod ne et ne terga ampla per longius agmina per relicto ampla quidem equos globos velut quod relicto ne tamquam ut post voluptatum praetermitto periculi terga sine enim ait domi ne enim enim comicus illuc spatia subversasque enim complures praetermitto ut per ampla comicus periculi properantes voluptatum velut terga velut periculi publicos quidem tamquam quod et urbis quidem periculi calceis voluptatum discurrunt sine agmina terga per subversasque per ut terga cuncta Sannione periculi ne ut relicto trahentes quidem praedatorios discurrunt. Inplacabilem eius medium peiores consarcinantibus auribus nimia titulo causarum postea et Constantium hoc sui Constantium titulo sed sui acerbum insidias Constantium inplacabilem cautela infudisset infudisset in principem causarum nimia hoc graves in medium consarcinantibus sed et quivis dissimilem consarcinantibus cautela quivis modi sui sui aemulis apud quivis insidias medium inplacabilem.',-9645),
	 ('Agmina praetermitto properantes subversasque complures transiturus quos terga et inlecebras silices ut globos complures trahentes subversasque agmina silices terga longius quod ne et ne terga ampla per longius agmina per relicto ampla quidem equos globos velut quod relicto ne tamquam ut post voluptatum praetermitto periculi terga sine enim ait domi ne enim enim comicus illuc spatia subversasque enim complures praetermitto ut per ampla comicus periculi properantes voluptatum velut terga velut periculi publicos quidem tamquam quod et urbis quidem periculi calceis voluptatum discurrunt sine agmina terga per subversasque per ut terga cuncta Sannione periculi ne ut relicto trahentes quidem praedatorios discurrunt. Inplacabilem eius medium peiores consarcinantibus auribus nimia titulo causarum postea et Constantium hoc sui Constantium titulo sed sui acerbum insidias Constantium inplacabilem cautela infudisset infudisset in principem causarum nimia hoc graves in medium consarcinantibus sed et quivis dissimilem consarcinantibus cautela quivis modi sui sui aemulis apud quivis insidias medium inplacabilem.',-9619),
	 ('Agmina praetermitto properantes subversasque complures transiturus quos terga et inlecebras silices ut globos complures trahentes subversasque agmina silices terga longius quod ne et ne terga ampla per longius agmina per relicto ampla quidem equos globos velut quod relicto ne tamquam ut post voluptatum praetermitto periculi terga sine enim ait domi ne enim enim comicus illuc spatia subversasque enim complures praetermitto ut per ampla comicus periculi properantes voluptatum velut terga velut periculi publicos quidem tamquam quod et urbis quidem periculi calceis voluptatum discurrunt sine agmina terga per subversasque per ut terga cuncta Sannione periculi ne ut relicto trahentes quidem praedatorios discurrunt. Inplacabilem eius medium peiores consarcinantibus auribus nimia titulo causarum postea et Constantium hoc sui Constantium titulo sed sui acerbum insidias Constantium inplacabilem cautela infudisset infudisset in principem causarum nimia hoc graves in medium consarcinantibus sed et quivis dissimilem consarcinantibus cautela quivis modi sui sui aemulis apud quivis insidias medium inplacabilem.',-9601),
	 ('Agmina praetermitto properantes subversasque complures transiturus quos terga et inlecebras silices ut globos complures trahentes subversasque agmina silices terga longius quod ne et ne terga ampla per longius agmina per relicto ampla quidem equos globos velut quod relicto ne tamquam ut post voluptatum praetermitto periculi terga sine enim ait domi ne enim enim comicus illuc spatia subversasque enim complures praetermitto ut per ampla comicus periculi properantes voluptatum velut terga velut periculi publicos quidem tamquam quod et urbis quidem periculi calceis voluptatum discurrunt sine agmina terga per subversasque per ut terga cuncta Sannione periculi ne ut relicto trahentes quidem praedatorios discurrunt. Inplacabilem eius medium peiores consarcinantibus auribus nimia titulo causarum postea et Constantium hoc sui Constantium titulo sed sui acerbum insidias Constantium inplacabilem cautela infudisset infudisset in principem causarum nimia hoc graves in medium consarcinantibus sed et quivis dissimilem consarcinantibus cautela quivis modi sui sui aemulis apud quivis insidias medium inplacabilem.',-9584),
	 ('Agmina praetermitto properantes subversasque complures transiturus quos terga et inlecebras silices ut globos complures trahentes subversasque agmina silices terga longius quod ne et ne terga ampla per longius agmina per relicto ampla quidem equos globos velut quod relicto ne tamquam ut post voluptatum praetermitto periculi terga sine enim ait domi ne enim enim comicus illuc spatia subversasque enim complures praetermitto ut per ampla comicus periculi properantes voluptatum velut terga velut periculi publicos quidem tamquam quod et urbis quidem periculi calceis voluptatum discurrunt sine agmina terga per subversasque per ut terga cuncta Sannione periculi ne ut relicto trahentes quidem praedatorios discurrunt. Inplacabilem eius medium peiores consarcinantibus auribus nimia titulo causarum postea et Constantium hoc sui Constantium titulo sed sui acerbum insidias Constantium inplacabilem cautela infudisset infudisset in principem causarum nimia hoc graves in medium consarcinantibus sed et quivis dissimilem consarcinantibus cautela quivis modi sui sui aemulis apud quivis insidias medium inplacabilem.',-9576),
	 ('Agmina praetermitto properantes subversasque complures transiturus quos terga et inlecebras silices ut globos complures trahentes subversasque agmina silices terga longius quod ne et ne terga ampla per longius agmina per relicto ampla quidem equos globos velut quod relicto ne tamquam ut post voluptatum praetermitto periculi terga sine enim ait domi ne enim enim comicus illuc spatia subversasque enim complures praetermitto ut per ampla comicus periculi properantes voluptatum velut terga velut periculi publicos quidem tamquam quod et urbis quidem periculi calceis voluptatum discurrunt sine agmina terga per subversasque per ut terga cuncta Sannione periculi ne ut relicto trahentes quidem praedatorios discurrunt. Inplacabilem eius medium peiores consarcinantibus auribus nimia titulo causarum postea et Constantium hoc sui Constantium titulo sed sui acerbum insidias Constantium inplacabilem cautela infudisset infudisset in principem causarum nimia hoc graves in medium consarcinantibus sed et quivis dissimilem consarcinantibus cautela quivis modi sui sui aemulis apud quivis insidias medium inplacabilem.',-9571),
	 ('Agmina praetermitto properantes subversasque complures transiturus quos terga et inlecebras silices ut globos complures trahentes subversasque agmina silices terga longius quod ne et ne terga ampla per longius agmina per relicto ampla quidem equos globos velut quod relicto ne tamquam ut post voluptatum praetermitto periculi terga sine enim ait domi ne enim enim comicus illuc spatia subversasque enim complures praetermitto ut per ampla comicus periculi properantes voluptatum velut terga velut periculi publicos quidem tamquam quod et urbis quidem periculi calceis voluptatum discurrunt sine agmina terga per subversasque per ut terga cuncta Sannione periculi ne ut relicto trahentes quidem praedatorios discurrunt. Inplacabilem eius medium peiores consarcinantibus auribus nimia titulo causarum postea et Constantium hoc sui Constantium titulo sed sui acerbum insidias Constantium inplacabilem cautela infudisset infudisset in principem causarum nimia hoc graves in medium consarcinantibus sed et quivis dissimilem consarcinantibus cautela quivis modi sui sui aemulis apud quivis insidias medium inplacabilem.',-9560),
	 ('Agmina praetermitto properantes subversasque complures transiturus quos terga et inlecebras silices ut globos complures trahentes subversasque agmina silices terga longius quod ne et ne terga ampla per longius agmina per relicto ampla quidem equos globos velut quod relicto ne tamquam ut post voluptatum praetermitto periculi terga sine enim ait domi ne enim enim comicus illuc spatia subversasque enim complures praetermitto ut per ampla comicus periculi properantes voluptatum velut terga velut periculi publicos quidem tamquam quod et urbis quidem periculi calceis voluptatum discurrunt sine agmina terga per subversasque per ut terga cuncta Sannione periculi ne ut relicto trahentes quidem praedatorios discurrunt. Inplacabilem eius medium peiores consarcinantibus auribus nimia titulo causarum postea et Constantium hoc sui Constantium titulo sed sui acerbum insidias Constantium inplacabilem cautela infudisset infudisset in principem causarum nimia hoc graves in medium consarcinantibus sed et quivis dissimilem consarcinantibus cautela quivis modi sui sui aemulis apud quivis insidias medium inplacabilem.',-9553);
INSERT INTO public.movie_genre (movie_id,genre_id) VALUES
	 (-9983,-9993),
	 (-9960,-9993),
	 (-9946,-9993),
	 (-9946,-9997),
	 (-9934,-9999),
	 (-9934,-9995),
	 (-9934,-9985),
	 (-9926,-9994),
	 (-9926,-9993),
	 (-9926,-9989);
INSERT INTO public.movie_genre (movie_id,genre_id) VALUES
	 (-9906,-9993),
	 (-9906,-9991),
	 (-9906,-9988),
	 (-9898,-9994),
	 (-9898,-9993),
	 (-9898,-9987),
	 (-9892,-9999),
	 (-9892,-9994),
	 (-9892,-9993),
	 (-9884,-9995);
INSERT INTO public.movie_genre (movie_id,genre_id) VALUES
	 (-9884,-9993),
	 (-9884,-9986),
	 (-9873,-9989),
	 (-9873,-9986),
	 (-9867,-9995),
	 (-9867,-9988),
	 (-9867,-9985),
	 (-9847,-9999),
	 (-9847,-9995),
	 (-9847,-9989);
INSERT INTO public.movie_genre (movie_id,genre_id) VALUES
	 (-9829,-9994),
	 (-9829,-9989),
	 (-9829,-9986),
	 (-9805,-9993),
	 (-9805,-9991),
	 (-9779,-9993),
	 (-9779,-9987),
	 (-9779,-9984),
	 (-9754,-9999),
	 (-9754,-9985);
INSERT INTO public.movie_genre (movie_id,genre_id) VALUES
	 (-9730,-9999),
	 (-9730,-9994),
	 (-9730,-9993),
	 (-9722,-9999),
	 (-9722,-9993),
	 (-9722,-9985),
	 (-9699,-9993),
	 (-9699,-9998),
	 (-9699,-9985),
	 (-9679,-9995);
INSERT INTO public.movie_genre (movie_id,genre_id) VALUES
	 (-9679,-9993),
	 (-9679,-9985),
	 (-9669,-9994),
	 (-9669,-9993),
	 (-9669,-9990),
	 (-9653,-9993),
	 (-9653,-9991),
	 (-9653,-9990),
	 (-9645,-9999),
	 (-9645,-9993);
INSERT INTO public.movie_genre (movie_id,genre_id) VALUES
	 (-9645,-9990),
	 (-9619,-9993),
	 (-9619,-9990),
	 (-9619,-9996),
	 (-9601,-9993),
	 (-9601,-9990),
	 (-9601,-9988),
	 (-9584,-9992),
	 (-9584,-9993),
	 (-9584,-9990);
INSERT INTO public.movie_genre (movie_id,genre_id) VALUES
	 (-9576,-9994),
	 (-9576,-9993),
	 (-9576,-9990),
	 (-9571,-9993),
	 (-9571,-9990),
	 (-9560,-9993),
	 (-9560,-9990),
	 (-9560,-9989),
	 (-9553,-9999),
	 (-9553,-9987);
INSERT INTO public.movie_genre (movie_id,genre_id) VALUES
	 (-9553,-9985);
INSERT INTO public.review (id,author,"content",movie_id,rating) VALUES
	 (-9979,'author0','random generated review 0',-9983,7),
	 (-9978,'author1','random generated review 1',-9983,10),
	 (-9977,'author2','random generated review 2',-9983,10),
	 (-9976,'author3','random generated review 3',-9983,10),
	 (-9975,'author4','random generated review 4',-9983,8),
	 (-9974,'author5','random generated review 5',-9983,9),
	 (-9973,'author6','random generated review 6',-9983,7),
	 (-9972,'author7','random generated review 7',-9983,8),
	 (-9971,'author8','random generated review 8',-9983,8),
	 (-9970,'author9','random generated review 9',-9983,9);
INSERT INTO public.review (id,author,"content",movie_id,rating) VALUES
	 (-9969,'author10','random generated review 10',-9983,9),
	 (-9968,'author11','random generated review 11',-9983,8),
	 (-9967,'author12','random generated review 12',-9983,9),
	 (-9966,'author13','random generated review 13',-9983,8),
	 (-9965,'author14','random generated review 14',-9983,8),
	 (-9964,'author15','random generated review 15',-9983,7),
	 (-9963,'author16','random generated review 16',-9983,8),
	 (-9962,'author17','random generated review 17',-9983,10),
	 (-9961,'author18','random generated review 18',-9983,10),
	 (-9955,'author0','random generated review 0',-9960,9);
INSERT INTO public.review (id,author,"content",movie_id,rating) VALUES
	 (-9954,'author1','random generated review 1',-9960,7),
	 (-9953,'author2','random generated review 2',-9960,9),
	 (-9952,'author3','random generated review 3',-9960,9),
	 (-9951,'author4','random generated review 4',-9960,7),
	 (-9950,'author5','random generated review 5',-9960,7),
	 (-9949,'author6','random generated review 6',-9960,10),
	 (-9948,'author7','random generated review 7',-9960,7),
	 (-9947,'author8','random generated review 8',-9960,7),
	 (-9941,'author0','random generated review 0',-9946,7),
	 (-9940,'author1','random generated review 1',-9946,7);
INSERT INTO public.review (id,author,"content",movie_id,rating) VALUES
	 (-9939,'author2','random generated review 2',-9946,8),
	 (-9938,'author3','random generated review 3',-9946,9),
	 (-9937,'author4','random generated review 4',-9946,8),
	 (-9936,'author5','random generated review 5',-9946,10),
	 (-9935,'author6','random generated review 6',-9946,7),
	 (-9929,'author0','random generated review 0',-9934,10),
	 (-9928,'author1','random generated review 1',-9934,8),
	 (-9927,'author2','random generated review 2',-9934,8),
	 (-9921,'author0','random generated review 0',-9926,10),
	 (-9920,'author1','random generated review 1',-9926,8);
INSERT INTO public.review (id,author,"content",movie_id,rating) VALUES
	 (-9919,'author2','random generated review 2',-9926,10),
	 (-9918,'author3','random generated review 3',-9926,9),
	 (-9917,'author4','random generated review 4',-9926,9),
	 (-9916,'author5','random generated review 5',-9926,7),
	 (-9915,'author6','random generated review 6',-9926,7),
	 (-9914,'author7','random generated review 7',-9926,8),
	 (-9913,'author8','random generated review 8',-9926,10),
	 (-9912,'author9','random generated review 9',-9926,7),
	 (-9911,'author10','random generated review 10',-9926,9),
	 (-9910,'author11','random generated review 11',-9926,7);
INSERT INTO public.review (id,author,"content",movie_id,rating) VALUES
	 (-9909,'author12','random generated review 12',-9926,8),
	 (-9908,'author13','random generated review 13',-9926,8),
	 (-9907,'author14','random generated review 14',-9926,8),
	 (-9901,'author0','random generated review 0',-9906,9),
	 (-9900,'author1','random generated review 1',-9906,8),
	 (-9899,'author2','random generated review 2',-9906,10),
	 (-9895,'author0','random generated review 0',-9898,10),
	 (-9894,'author1','random generated review 1',-9898,8),
	 (-9893,'author2','random generated review 2',-9898,7),
	 (-9890,'author0','random generated review 0',-9892,8);
INSERT INTO public.review (id,author,"content",movie_id,rating) VALUES
	 (-9889,'author1','random generated review 1',-9892,7),
	 (-9888,'author2','random generated review 2',-9892,7),
	 (-9887,'author3','random generated review 3',-9892,10),
	 (-9886,'author4','random generated review 4',-9892,7),
	 (-9885,'author5','random generated review 5',-9892,9),
	 (-9882,'author0','random generated review 0',-9884,9),
	 (-9881,'author1','random generated review 1',-9884,7),
	 (-9880,'author2','random generated review 2',-9884,7),
	 (-9879,'author3','random generated review 3',-9884,7),
	 (-9878,'author4','random generated review 4',-9884,7);
INSERT INTO public.review (id,author,"content",movie_id,rating) VALUES
	 (-9877,'author5','random generated review 5',-9884,7),
	 (-9876,'author6','random generated review 6',-9884,10),
	 (-9875,'author7','random generated review 7',-9884,10),
	 (-9874,'author8','random generated review 8',-9884,10),
	 (-9870,'author0','random generated review 0',-9873,10),
	 (-9869,'author1','random generated review 1',-9873,8),
	 (-9868,'author2','random generated review 2',-9873,8),
	 (-9862,'author0','random generated review 0',-9867,7),
	 (-9861,'author1','random generated review 1',-9867,10),
	 (-9860,'author2','random generated review 2',-9867,8);
INSERT INTO public.review (id,author,"content",movie_id,rating) VALUES
	 (-9859,'author3','random generated review 3',-9867,10),
	 (-9858,'author4','random generated review 4',-9867,10),
	 (-9857,'author5','random generated review 5',-9867,10),
	 (-9856,'author6','random generated review 6',-9867,7),
	 (-9855,'author7','random generated review 7',-9867,9),
	 (-9854,'author8','random generated review 8',-9867,10),
	 (-9853,'author9','random generated review 9',-9867,7),
	 (-9852,'author10','random generated review 10',-9867,10),
	 (-9851,'author11','random generated review 11',-9867,10),
	 (-9850,'author12','random generated review 12',-9867,9);
INSERT INTO public.review (id,author,"content",movie_id,rating) VALUES
	 (-9849,'author13','random generated review 13',-9867,8),
	 (-9848,'author14','random generated review 14',-9867,8),
	 (-9844,'author0','random generated review 0',-9847,9),
	 (-9843,'author1','random generated review 1',-9847,7),
	 (-9842,'author2','random generated review 2',-9847,8),
	 (-9841,'author3','random generated review 3',-9847,9),
	 (-9840,'author4','random generated review 4',-9847,9),
	 (-9839,'author5','random generated review 5',-9847,7),
	 (-9838,'author6','random generated review 6',-9847,7),
	 (-9837,'author7','random generated review 7',-9847,7);
INSERT INTO public.review (id,author,"content",movie_id,rating) VALUES
	 (-9836,'author8','random generated review 8',-9847,7),
	 (-9835,'author9','random generated review 9',-9847,7),
	 (-9834,'author10','random generated review 10',-9847,9),
	 (-9833,'author11','random generated review 11',-9847,10),
	 (-9832,'author12','random generated review 12',-9847,9),
	 (-9831,'author13','random generated review 13',-9847,8),
	 (-9830,'author14','random generated review 14',-9847,8),
	 (-9824,'author0','random generated review 0',-9829,9),
	 (-9823,'author1','random generated review 1',-9829,10),
	 (-9822,'author2','random generated review 2',-9829,10);
INSERT INTO public.review (id,author,"content",movie_id,rating) VALUES
	 (-9821,'author3','random generated review 3',-9829,8),
	 (-9820,'author4','random generated review 4',-9829,10),
	 (-9819,'author5','random generated review 5',-9829,9),
	 (-9818,'author6','random generated review 6',-9829,10),
	 (-9817,'author7','random generated review 7',-9829,7),
	 (-9816,'author8','random generated review 8',-9829,10),
	 (-9815,'author9','random generated review 9',-9829,9),
	 (-9814,'author10','random generated review 10',-9829,10),
	 (-9813,'author11','random generated review 11',-9829,8),
	 (-9812,'author12','random generated review 12',-9829,8);
INSERT INTO public.review (id,author,"content",movie_id,rating) VALUES
	 (-9811,'author13','random generated review 13',-9829,7),
	 (-9810,'author14','random generated review 14',-9829,7),
	 (-9809,'author15','random generated review 15',-9829,8),
	 (-9808,'author16','random generated review 16',-9829,8),
	 (-9807,'author17','random generated review 17',-9829,7),
	 (-9806,'author18','random generated review 18',-9829,8),
	 (-9801,'author0','random generated review 0',-9805,7),
	 (-9800,'author1','random generated review 1',-9805,10),
	 (-9799,'author2','random generated review 2',-9805,8),
	 (-9798,'author3','random generated review 3',-9805,9);
INSERT INTO public.review (id,author,"content",movie_id,rating) VALUES
	 (-9797,'author4','random generated review 4',-9805,8),
	 (-9796,'author5','random generated review 5',-9805,10),
	 (-9795,'author6','random generated review 6',-9805,8),
	 (-9794,'author7','random generated review 7',-9805,8),
	 (-9793,'author8','random generated review 8',-9805,8),
	 (-9792,'author9','random generated review 9',-9805,7),
	 (-9791,'author10','random generated review 10',-9805,10),
	 (-9790,'author11','random generated review 11',-9805,8),
	 (-9789,'author12','random generated review 12',-9805,8),
	 (-9788,'author13','random generated review 13',-9805,8);
INSERT INTO public.review (id,author,"content",movie_id,rating) VALUES
	 (-9787,'author14','random generated review 14',-9805,9),
	 (-9786,'author15','random generated review 15',-9805,7),
	 (-9785,'author16','random generated review 16',-9805,9),
	 (-9784,'author17','random generated review 17',-9805,10),
	 (-9783,'author18','random generated review 18',-9805,7),
	 (-9782,'author19','random generated review 19',-9805,9),
	 (-9781,'author20','random generated review 20',-9805,7),
	 (-9780,'author21','random generated review 21',-9805,7),
	 (-9775,'author0','random generated review 0',-9779,7),
	 (-9774,'author1','random generated review 1',-9779,8);
INSERT INTO public.review (id,author,"content",movie_id,rating) VALUES
	 (-9773,'author2','random generated review 2',-9779,10),
	 (-9772,'author3','random generated review 3',-9779,8),
	 (-9771,'author4','random generated review 4',-9779,7),
	 (-9770,'author5','random generated review 5',-9779,7),
	 (-9769,'author6','random generated review 6',-9779,10),
	 (-9768,'author7','random generated review 7',-9779,7),
	 (-9767,'author8','random generated review 8',-9779,10),
	 (-9766,'author9','random generated review 9',-9779,10),
	 (-9765,'author10','random generated review 10',-9779,8),
	 (-9764,'author11','random generated review 11',-9779,9);
INSERT INTO public.review (id,author,"content",movie_id,rating) VALUES
	 (-9763,'author12','random generated review 12',-9779,8),
	 (-9762,'author13','random generated review 13',-9779,7),
	 (-9761,'author14','random generated review 14',-9779,10),
	 (-9760,'author15','random generated review 15',-9779,7),
	 (-9759,'author16','random generated review 16',-9779,8),
	 (-9758,'author17','random generated review 17',-9779,10),
	 (-9757,'author18','random generated review 18',-9779,8),
	 (-9756,'author19','random generated review 19',-9779,10),
	 (-9755,'author20','random generated review 20',-9779,9),
	 (-9751,'author0','random generated review 0',-9754,8);
INSERT INTO public.review (id,author,"content",movie_id,rating) VALUES
	 (-9750,'author1','random generated review 1',-9754,9),
	 (-9749,'author2','random generated review 2',-9754,9),
	 (-9748,'author3','random generated review 3',-9754,10),
	 (-9747,'author4','random generated review 4',-9754,8),
	 (-9746,'author5','random generated review 5',-9754,10),
	 (-9745,'author6','random generated review 6',-9754,8),
	 (-9744,'author7','random generated review 7',-9754,7),
	 (-9743,'author8','random generated review 8',-9754,7),
	 (-9742,'author9','random generated review 9',-9754,7),
	 (-9741,'author10','random generated review 10',-9754,10);
INSERT INTO public.review (id,author,"content",movie_id,rating) VALUES
	 (-9740,'author11','random generated review 11',-9754,8),
	 (-9739,'author12','random generated review 12',-9754,7),
	 (-9738,'author13','random generated review 13',-9754,7),
	 (-9737,'author14','random generated review 14',-9754,7),
	 (-9736,'author15','random generated review 15',-9754,9),
	 (-9735,'author16','random generated review 16',-9754,10),
	 (-9734,'author17','random generated review 17',-9754,10),
	 (-9733,'author18','random generated review 18',-9754,8),
	 (-9732,'author19','random generated review 19',-9754,9),
	 (-9731,'author20','random generated review 20',-9754,9);
INSERT INTO public.review (id,author,"content",movie_id,rating) VALUES
	 (-9727,'author0','random generated review 0',-9730,8),
	 (-9726,'author1','random generated review 1',-9730,7),
	 (-9725,'author2','random generated review 2',-9730,10),
	 (-9724,'author3','random generated review 3',-9730,10),
	 (-9723,'author4','random generated review 4',-9730,10),
	 (-9717,'author0','random generated review 0',-9722,9),
	 (-9716,'author1','random generated review 1',-9722,9),
	 (-9715,'author2','random generated review 2',-9722,9),
	 (-9714,'author3','random generated review 3',-9722,8),
	 (-9713,'author4','random generated review 4',-9722,7);
INSERT INTO public.review (id,author,"content",movie_id,rating) VALUES
	 (-9712,'author5','random generated review 5',-9722,10),
	 (-9711,'author6','random generated review 6',-9722,10),
	 (-9710,'author7','random generated review 7',-9722,10),
	 (-9709,'author8','random generated review 8',-9722,10),
	 (-9708,'author9','random generated review 9',-9722,7),
	 (-9707,'author10','random generated review 10',-9722,8),
	 (-9706,'author11','random generated review 11',-9722,7),
	 (-9705,'author12','random generated review 12',-9722,7),
	 (-9704,'author13','random generated review 13',-9722,9),
	 (-9703,'author14','random generated review 14',-9722,10);
INSERT INTO public.review (id,author,"content",movie_id,rating) VALUES
	 (-9702,'author15','random generated review 15',-9722,9),
	 (-9701,'author16','random generated review 16',-9722,9),
	 (-9700,'author17','random generated review 17',-9722,8),
	 (-9697,'author0','random generated review 0',-9699,9),
	 (-9696,'author1','random generated review 1',-9699,10),
	 (-9695,'author2','random generated review 2',-9699,10),
	 (-9694,'author3','random generated review 3',-9699,9),
	 (-9693,'author4','random generated review 4',-9699,9),
	 (-9692,'author5','random generated review 5',-9699,9),
	 (-9691,'author6','random generated review 6',-9699,7);
INSERT INTO public.review (id,author,"content",movie_id,rating) VALUES
	 (-9690,'author7','random generated review 7',-9699,9),
	 (-9689,'author8','random generated review 8',-9699,10),
	 (-9688,'author9','random generated review 9',-9699,8),
	 (-9687,'author10','random generated review 10',-9699,7),
	 (-9686,'author11','random generated review 11',-9699,7),
	 (-9685,'author12','random generated review 12',-9699,10),
	 (-9684,'author13','random generated review 13',-9699,7),
	 (-9683,'author14','random generated review 14',-9699,8),
	 (-9682,'author15','random generated review 15',-9699,9),
	 (-9681,'author16','random generated review 16',-9699,7);
INSERT INTO public.review (id,author,"content",movie_id,rating) VALUES
	 (-9680,'author17','random generated review 17',-9699,10),
	 (-9677,'author0','random generated review 0',-9679,8),
	 (-9676,'author1','random generated review 1',-9679,7),
	 (-9675,'author2','random generated review 2',-9679,8),
	 (-9674,'author3','random generated review 3',-9679,9),
	 (-9673,'author4','random generated review 4',-9679,8),
	 (-9672,'author5','random generated review 5',-9679,9),
	 (-9671,'author6','random generated review 6',-9679,9),
	 (-9670,'author7','random generated review 7',-9679,10),
	 (-9667,'author0','random generated review 0',-9669,7);
INSERT INTO public.review (id,author,"content",movie_id,rating) VALUES
	 (-9666,'author1','random generated review 1',-9669,9),
	 (-9665,'author2','random generated review 2',-9669,8),
	 (-9664,'author3','random generated review 3',-9669,9),
	 (-9663,'author4','random generated review 4',-9669,7),
	 (-9662,'author5','random generated review 5',-9669,7),
	 (-9661,'author6','random generated review 6',-9669,7),
	 (-9660,'author7','random generated review 7',-9669,7),
	 (-9659,'author8','random generated review 8',-9669,8),
	 (-9658,'author9','random generated review 9',-9669,9),
	 (-9657,'author10','random generated review 10',-9669,7);
INSERT INTO public.review (id,author,"content",movie_id,rating) VALUES
	 (-9656,'author11','random generated review 11',-9669,10),
	 (-9655,'author12','random generated review 12',-9669,8),
	 (-9654,'author13','random generated review 13',-9669,9),
	 (-9648,'author0','random generated review 0',-9653,8),
	 (-9647,'author1','random generated review 1',-9653,9),
	 (-9646,'author2','random generated review 2',-9653,9),
	 (-9641,'author0','random generated review 0',-9645,10),
	 (-9640,'author1','random generated review 1',-9645,10),
	 (-9639,'author2','random generated review 2',-9645,10),
	 (-9638,'author3','random generated review 3',-9645,9);
INSERT INTO public.review (id,author,"content",movie_id,rating) VALUES
	 (-9637,'author4','random generated review 4',-9645,8),
	 (-9636,'author5','random generated review 5',-9645,8),
	 (-9635,'author6','random generated review 6',-9645,8),
	 (-9634,'author7','random generated review 7',-9645,7),
	 (-9633,'author8','random generated review 8',-9645,8),
	 (-9632,'author9','random generated review 9',-9645,9),
	 (-9631,'author10','random generated review 10',-9645,8),
	 (-9630,'author11','random generated review 11',-9645,10),
	 (-9629,'author12','random generated review 12',-9645,10),
	 (-9628,'author13','random generated review 13',-9645,9);
INSERT INTO public.review (id,author,"content",movie_id,rating) VALUES
	 (-9627,'author14','random generated review 14',-9645,7),
	 (-9626,'author15','random generated review 15',-9645,7),
	 (-9625,'author16','random generated review 16',-9645,9),
	 (-9624,'author17','random generated review 17',-9645,9),
	 (-9623,'author18','random generated review 18',-9645,10),
	 (-9622,'author19','random generated review 19',-9645,9),
	 (-9621,'author20','random generated review 20',-9645,9),
	 (-9620,'author21','random generated review 21',-9645,7),
	 (-9617,'author0','random generated review 0',-9619,10),
	 (-9616,'author1','random generated review 1',-9619,8);
INSERT INTO public.review (id,author,"content",movie_id,rating) VALUES
	 (-9615,'author2','random generated review 2',-9619,8),
	 (-9614,'author3','random generated review 3',-9619,10),
	 (-9613,'author4','random generated review 4',-9619,9),
	 (-9612,'author5','random generated review 5',-9619,7),
	 (-9611,'author6','random generated review 6',-9619,7),
	 (-9610,'author7','random generated review 7',-9619,7),
	 (-9609,'author8','random generated review 8',-9619,8),
	 (-9608,'author9','random generated review 9',-9619,9),
	 (-9607,'author10','random generated review 10',-9619,8),
	 (-9606,'author11','random generated review 11',-9619,7);
INSERT INTO public.review (id,author,"content",movie_id,rating) VALUES
	 (-9605,'author12','random generated review 12',-9619,10),
	 (-9604,'author13','random generated review 13',-9619,10),
	 (-9603,'author14','random generated review 14',-9619,9),
	 (-9602,'author15','random generated review 15',-9619,10),
	 (-9598,'author0','random generated review 0',-9601,10),
	 (-9597,'author1','random generated review 1',-9601,9),
	 (-9596,'author2','random generated review 2',-9601,9),
	 (-9595,'author3','random generated review 3',-9601,9),
	 (-9594,'author4','random generated review 4',-9601,7),
	 (-9593,'author5','random generated review 5',-9601,10);
INSERT INTO public.review (id,author,"content",movie_id,rating) VALUES
	 (-9592,'author6','random generated review 6',-9601,10),
	 (-9591,'author7','random generated review 7',-9601,9),
	 (-9590,'author8','random generated review 8',-9601,10),
	 (-9589,'author9','random generated review 9',-9601,8),
	 (-9588,'author10','random generated review 10',-9601,9),
	 (-9587,'author11','random generated review 11',-9601,7),
	 (-9586,'author12','random generated review 12',-9601,7),
	 (-9585,'author13','random generated review 13',-9601,8),
	 (-9582,'author0','random generated review 0',-9584,8),
	 (-9581,'author1','random generated review 1',-9584,10);
INSERT INTO public.review (id,author,"content",movie_id,rating) VALUES
	 (-9580,'author2','random generated review 2',-9584,9),
	 (-9579,'author3','random generated review 3',-9584,7),
	 (-9578,'author4','random generated review 4',-9584,7),
	 (-9577,'author5','random generated review 5',-9584,8),
	 (-9574,'author0','random generated review 0',-9576,8),
	 (-9573,'author1','random generated review 1',-9576,10),
	 (-9572,'author2','random generated review 2',-9576,10),
	 (-9566,'author0','random generated review 0',-9571,7),
	 (-9565,'author1','random generated review 1',-9571,9),
	 (-9564,'author2','random generated review 2',-9571,7);
INSERT INTO public.review (id,author,"content",movie_id,rating) VALUES
	 (-9563,'author3','random generated review 3',-9571,7),
	 (-9562,'author4','random generated review 4',-9571,8),
	 (-9561,'author5','random generated review 5',-9571,7),
	 (-9557,'author0','random generated review 0',-9560,9),
	 (-9556,'author1','random generated review 1',-9560,7),
	 (-9555,'author2','random generated review 2',-9560,7),
	 (-9554,'author3','random generated review 3',-9560,9),
	 (-9550,'author0','random generated review 0',-9553,10),
	 (-9549,'author1','random generated review 1',-9553,9),
	 (-9548,'author2','random generated review 2',-9553,8);
INSERT INTO public.review (id,author,"content",movie_id,rating) VALUES
	 (-9547,'author3','random generated review 3',-9553,7),
	 (-9546,'author4','random generated review 4',-9553,10),
	 (-9545,'author5','random generated review 5',-9553,8),
	 (-9544,'author6','random generated review 6',-9553,10),
	 (-9543,'author7','random generated review 7',-9553,7),
	 (-9542,'author8','random generated review 8',-9553,8),
	 (-9541,'author9','random generated review 9',-9553,7),
	 (-9540,'author10','random generated review 10',-9553,9),
	 (-9539,'author11','random generated review 11',-9553,8),
	 (-9538,'author12','random generated review 12',-9553,8);